Channel,Depth,Feature,Pair,AUC_bootstrap_mean,CI_lower,CI_upper,n_samples
Red,3,RiseTime,Normal vs Ischaemia,0.470214220028103,0.37192619047619047,0.5676573711676451,145
Red,3,RiseTime,Normal vs Congestion,0.47366135324956643,0.38841392098131505,0.5630303889508624,147
Red,3,RiseTime,Ischaemia vs Congestion,0.4907227878792757,0.40250310534114403,0.5929304520676804,146
Red,3,FallTime,Normal vs Ischaemia,0.5496794125739163,0.4668365015648448,0.6431941868023846,145
Red,3,FallTime,Normal vs Congestion,0.48902110842182106,0.39013624446109774,0.5845302660116544,147
Red,3,FallTime,Ischaemia vs Congestion,0.44586744489718455,0.3570156643621894,0.5424596471471472,146
Red,3,PulseWidth,Normal vs Ischaemia,0.5274705909754102,0.43973729332010586,0.6185054876496052,145
Red,3,PulseWidth,Normal vs Congestion,0.46122214215334995,0.37126732589587563,0.5439278118774844,147
Red,3,PulseWidth,Ischaemia vs Congestion,0.4475566272187963,0.36146248191789354,0.5358809218950065,146
Red,3,SystolicWidth,Normal vs Ischaemia,0.5016137392748496,0.40285587429448194,0.6079374037245301,145
Red,3,SystolicWidth,Normal vs Congestion,0.4788592448395913,0.39319070408825435,0.5703707090881693,147
Red,3,SystolicWidth,Ischaemia vs Congestion,0.47065331318927484,0.372503778575477,0.5669361567893194,146
Red,3,DiastolicWidth,Normal vs Ischaemia,0.5568413059549882,0.4684781982835008,0.644817343444227,145
Red,3,DiastolicWidth,Normal vs Congestion,0.5120128648533567,0.42069648744655413,0.5989945928756693,147
Red,3,DiastolicWidth,Ischaemia vs Congestion,0.46465997964407946,0.3703288607144878,0.5485319951839552,146
Red,3,RiseFall_ratio,Normal vs Ischaemia,0.5082817246987298,0.4234794092693336,0.6154571848186792,145
Red,3,RiseFall_ratio,Normal vs Congestion,0.4901430984292618,0.39989448352462054,0.5750156608844165,147
Red,3,RiseFall_ratio,Ischaemia vs Congestion,0.4943780676271946,0.39257134038990044,0.5802898970825328,146
Red,3,Width_Ratio,Normal vs Ischaemia,0.5274349618172016,0.43430667433831993,0.6314784480225657,145
Red,3,Width_Ratio,Normal vs Congestion,0.5417670600313853,0.4508695800193202,0.6240501177528351,147
Red,3,Width_Ratio,Ischaemia vs Congestion,0.516855064813053,0.42100633108876606,0.6068703384968445,146
Red,9,RiseTime,Normal vs Ischaemia,0.4361378809222806,0.3552460478118373,0.5162334411183138,148
Red,9,RiseTime,Normal vs Congestion,0.4875751261569222,0.39952927081216555,0.565227807694913,146
Red,9,RiseTime,Ischaemia vs Congestion,0.5481659433104324,0.46201177658824616,0.6361786815315583,150
Red,9,FallTime,Normal vs Ischaemia,0.5801010370236361,0.48406596152718157,0.657670401493931,148
Red,9,FallTime,Normal vs Congestion,0.5587305380333957,0.4665359646977294,0.6422808985850211,146
Red,9,FallTime,Ischaemia vs Congestion,0.49311298339327225,0.4069419642857143,0.5818995688451334,150
Red,9,PulseWidth,Normal vs Ischaemia,0.489983431487272,0.4011527996615313,0.5635012087824983,148
Red,9,PulseWidth,Normal vs Congestion,0.5239032317406989,0.4339641122012046,0.6110124763544492,146
Red,9,PulseWidth,Ischaemia vs Congestion,0.5206606501364145,0.4438481972516373,0.607929805639566,150
Red,9,SystolicWidth,Normal vs Ischaemia,0.4426060372095641,0.3660911786190006,0.5304450075251764,148
Red,9,SystolicWidth,Normal vs Congestion,0.5144910154315834,0.42967460474028313,0.6030817981837003,146
Red,9,SystolicWidth,Ischaemia vs Congestion,0.5537031342403398,0.4632892047010591,0.6436350440459212,150
Red,9,DiastolicWidth,Normal vs Ischaemia,0.5569112708095529,0.45256826213692414,0.6404594022529211,148
Red,9,DiastolicWidth,Normal vs Congestion,0.5481720569152324,0.46945762888026615,0.6449016789947299,146
Red,9,DiastolicWidth,Ischaemia vs Congestion,0.4935249207485255,0.40896256217570226,0.5906411423445739,150
Red,9,RiseFall_ratio,Normal vs Ischaemia,0.5499173249541591,0.457260420669545,0.6204547587236527,148
Red,9,RiseFall_ratio,Normal vs Congestion,0.5224469457745878,0.4330324154851112,0.6154746240601503,146
Red,9,RiseFall_ratio,Ischaemia vs Congestion,0.47977837014153435,0.39804366438356165,0.5604054579148733,150
Red,9,Width_Ratio,Normal vs Ischaemia,0.5588955813367422,0.4724010394640729,0.6420559202928676,148
Red,9,Width_Ratio,Normal vs Congestion,0.5430565467751094,0.45990330588715217,0.6348090766823161,146
Red,9,Width_Ratio,Ischaemia vs Congestion,0.47624154169353444,0.39322823277061913,0.5700036147650882,150
Red,15,RiseTime,Normal vs Ischaemia,0.46428586409635925,0.3776469999574914,0.5564344376029677,142
Red,15,RiseTime,Normal vs Congestion,0.49199460538005724,0.3882665555448582,0.5912663737834971,138
Red,15,RiseTime,Ischaemia vs Congestion,0.54095874482703,0.4431427108537459,0.6333505958689783,142
Red,15,FallTime,Normal vs Ischaemia,0.6319246964752471,0.5481865673004913,0.709481966845878,142
Red,15,FallTime,Normal vs Congestion,0.5368329461304109,0.43486344537815125,0.6486430010723675,138
Red,15,FallTime,Ischaemia vs Congestion,0.39419324337608985,0.3134928310052992,0.47836016638120876,142
Red,15,PulseWidth,Normal vs Ischaemia,0.49953233527442065,0.41906122967479675,0.6020042194092827,142
Red,15,PulseWidth,Normal vs Congestion,0.4468150505984839,0.3501932578586991,0.53246467598806,138
Red,15,PulseWidth,Ischaemia vs Congestion,0.4426082615883078,0.3507337454212454,0.5530408599250513,142
Red,15,SystolicWidth,Normal vs Ischaemia,0.4364442777025991,0.3429166593589047,0.5247971831613849,141
Red,15,SystolicWidth,Normal vs Congestion,0.45145495121342116,0.3568915406427221,0.5546162756461911,138
Red,15,SystolicWidth,Ischaemia vs Congestion,0.530188488894057,0.44692176738667694,0.6107738311533482,141
Red,15,DiastolicWidth,Normal vs Ischaemia,0.6530861170082551,0.5629047884151511,0.7309862724994304,142
Red,15,DiastolicWidth,Normal vs Congestion,0.4992744802511338,0.3849909471844123,0.5887097818579486,138
Red,15,DiastolicWidth,Ischaemia vs Congestion,0.34986269168942047,0.2594444227647353,0.4342772811551661,142
Red,15,RiseFall_ratio,Normal vs Ischaemia,0.5893181259837276,0.4926389651642779,0.6734977689343691,142
Red,15,RiseFall_ratio,Normal vs Congestion,0.5202535682526128,0.43430823089370885,0.6119501390761637,138
Red,15,RiseFall_ratio,Ischaemia vs Congestion,0.43078666117807596,0.3476404904713728,0.5317207652120954,142
Red,15,Width_Ratio,Normal vs Ischaemia,0.6159628567191762,0.5232700007458125,0.7096027300164626,141
Red,15,Width_Ratio,Normal vs Congestion,0.5198500866826441,0.4167178104227285,0.6129469382270867,138
Red,15,Width_Ratio,Ischaemia vs Congestion,0.4054030970208893,0.3092828744444864,0.49680466265322887,141
Red,21,RiseTime,Normal vs Ischaemia,0.49305144146695573,0.39601343248484244,0.592070418891267,143
Red,21,RiseTime,Normal vs Congestion,0.5297712859999143,0.43842850620432744,0.6269640825827939,144
Red,21,RiseTime,Ischaemia vs Congestion,0.5327180045281527,0.435296838914669,0.6337199964612199,141
Red,21,FallTime,Normal vs Ischaemia,0.5784652401245574,0.4924425943931292,0.6687319162911354,143
Red,21,FallTime,Normal vs Congestion,0.4856582028020917,0.399203855094546,0.5775175865800866,144
Red,21,FallTime,Ischaemia vs Congestion,0.40463867978402596,0.3070467824789964,0.4883587355273761,141
Red,21,PulseWidth,Normal vs Ischaemia,0.5340634442571159,0.43907695469582614,0.6313770569628173,143
Red,21,PulseWidth,Normal vs Congestion,0.5189109592160571,0.43966113216954705,0.5972420821118739,144
Red,21,PulseWidth,Ischaemia vs Congestion,0.47718302746919766,0.38218970322401025,0.5671581756621602,141
Red,21,SystolicWidth,Normal vs Ischaemia,0.4925517127488109,0.3888227181717757,0.581695816400085,143
Red,21,SystolicWidth,Normal vs Congestion,0.5186272822424027,0.4144389230847571,0.6085919776198101,144
Red,21,SystolicWidth,Ischaemia vs Congestion,0.5412412194380388,0.43955872225574705,0.6353510423773691,141
Red,21,DiastolicWidth,Normal vs Ischaemia,0.5539306334687025,0.45910196319907276,0.6474070173692882,143
Red,21,DiastolicWidth,Normal vs Congestion,0.49053444214405273,0.402754632177582,0.5821680705552961,144
Red,21,DiastolicWidth,Ischaemia vs Congestion,0.4308612211933272,0.32944103836198313,0.5109435815132536,141
Red,21,RiseFall_ratio,Normal vs Ischaemia,0.5514054661253407,0.45963914481455237,0.6441115858154121,143
Red,21,RiseFall_ratio,Normal vs Congestion,0.4733230777432628,0.37964019005685673,0.5552899066472458,144
Red,21,RiseFall_ratio,Ischaemia vs Congestion,0.4140527394399108,0.31602738708600914,0.5056908067724529,141
Red,21,Width_Ratio,Normal vs Ischaemia,0.5621912803625847,0.4830957633053221,0.6430521740233951,143
Red,21,Width_Ratio,Normal vs Congestion,0.4749771672059833,0.3876861623168065,0.5700026748285478,144
Red,21,Width_Ratio,Ischaemia vs Congestion,0.41810595353033975,0.32501318288598996,0.5089776258394866,141
IR,3,RiseTime,Normal vs Ischaemia,0.28150674831213646,0.18096304767500423,0.40006335282651073,65
IR,3,RiseTime,Normal vs Congestion,0.06303792501116029,0.0007973532315637572,0.142072994210091,71
IR,3,RiseTime,Ischaemia vs Congestion,0.1352735019332524,0.0492860126820415,0.22033517557711105,70
IR,3,FallTime,Normal vs Ischaemia,0.5012182688529047,0.46586970271979755,0.5441176470588236,65
IR,3,FallTime,Normal vs Congestion,0.5225429023824182,0.4435436066318419,0.5967741935483871,71
IR,3,FallTime,Ischaemia vs Congestion,0.5272732007586869,0.4543361495527181,0.5909833024118739,70
IR,3,PulseWidth,Normal vs Ischaemia,0.14295943527688007,0.05138575192923022,0.25452886429448934,65
IR,3,PulseWidth,Normal vs Congestion,0.2382657074955464,0.1157452886928629,0.34130427657714923,71
IR,3,PulseWidth,Ischaemia vs Congestion,0.6557627779075116,0.5218518999273385,0.7870603757166256,70
IR,3,SystolicWidth,Normal vs Ischaemia,0.3969090732099245,0.2693506553077215,0.5379625237191651,65
IR,3,SystolicWidth,Normal vs Congestion,0.05988249051734553,0.009499838989003079,0.12861643145161292,71
IR,3,SystolicWidth,Ischaemia vs Congestion,0.13170395554229114,0.050833333333333355,0.21239013162035214,70
IR,3,DiastolicWidth,Normal vs Ischaemia,0.5524024477600699,0.41569109195402293,0.6951254826254826,65
IR,3,DiastolicWidth,Normal vs Congestion,0.9300695144231318,0.8370616804692892,0.9937044726107227,71
IR,3,DiastolicWidth,Ischaemia vs Congestion,0.9000617951523292,0.8110884048384047,0.9668980030587173,70
IR,3,RiseFall_ratio,Normal vs Ischaemia,0.688657295942702,0.5579359605911332,0.7941373063468267,65
IR,3,RiseFall_ratio,Normal vs Congestion,0.9108096766547513,0.8088415012406948,0.9730357142857142,71
IR,3,RiseFall_ratio,Ischaemia vs Congestion,0.8800148566912658,0.8018018018018019,0.9580368329947809,70
IR,3,Width_Ratio,Normal vs Ischaemia,0.5421207778554631,0.4098734623916112,0.6854963262858,65
IR,3,Width_Ratio,Normal vs Congestion,0.9473727431718107,0.8738609672290887,1.0,71
IR,3,Width_Ratio,Ischaemia vs Congestion,0.9272604754896219,0.8528829531812725,0.974632955147661,70
IR,9,RiseTime,Normal vs Ischaemia,0.6997241987843315,0.6067558548719816,0.7980802530129069,108
IR,9,RiseTime,Normal vs Congestion,0.45813380165021755,0.3335915477448908,0.602662610322494,87
IR,9,RiseTime,Ischaemia vs Congestion,0.25911276043340203,0.16400347669962032,0.35252289494317024,111
IR,9,FallTime,Normal vs Ischaemia,0.4501081833508593,0.34164005373532935,0.5381504126409017,108
IR,9,FallTime,Normal vs Congestion,0.45134773490569713,0.3568315018315019,0.5355448038176034,87
IR,9,FallTime,Ischaemia vs Congestion,0.5224128491939238,0.41702211048353777,0.6162289177549319,111
IR,9,PulseWidth,Normal vs Ischaemia,0.6215288749700786,0.4982085148874364,0.7252488570964448,108
IR,9,PulseWidth,Normal vs Congestion,0.5123013595288286,0.4028468237189168,0.6260557208994709,87
IR,9,PulseWidth,Ischaemia vs Congestion,0.36901052037881643,0.2560505828485251,0.4705120028294432,111
IR,9,SystolicWidth,Normal vs Ischaemia,0.8017939518048627,0.7024841075644305,0.8969005803811058,108
IR,9,SystolicWidth,Normal vs Congestion,0.4897878249250928,0.3641613113415439,0.6182297520685424,87
IR,9,SystolicWidth,Ischaemia vs Congestion,0.17903305097699213,0.10383658008658009,0.2605663945449902,111
IR,9,DiastolicWidth,Normal vs Ischaemia,0.4372655708692816,0.3255438994528122,0.5410302974702554,108
IR,9,DiastolicWidth,Normal vs Congestion,0.4227915992917029,0.28716408576009017,0.547952847805789,87
IR,9,DiastolicWidth,Ischaemia vs Congestion,0.5160422760097564,0.38162877925707006,0.6173048135243256,111
IR,9,RiseFall_ratio,Normal vs Ischaemia,0.3645670915971516,0.25378877152132967,0.4729873699115614,108
IR,9,RiseFall_ratio,Normal vs Congestion,0.49367900867625175,0.36670166454054465,0.6082051961823967,87
IR,9,RiseFall_ratio,Ischaemia vs Congestion,0.6399957272338725,0.530421712652967,0.7486472161573964,111
IR,9,Width_Ratio,Normal vs Ischaemia,0.3120486103088298,0.21515896557486633,0.4052589718415775,108
IR,9,Width_Ratio,Normal vs Congestion,0.4490543850591531,0.31408839559215496,0.564579136141636,87
IR,9,Width_Ratio,Ischaemia vs Congestion,0.6516126430518028,0.5268556664290804,0.7448775148912237,111
IR,15,RiseTime,Normal vs Ischaemia,0.5770342940086803,0.4834339667154675,0.6830734286763742,154
IR,15,RiseTime,Normal vs Congestion,0.5096645088256285,0.4035802311273201,0.5872583891171671,150
IR,15,RiseTime,Ischaemia vs Congestion,0.4159608287397931,0.32043042458181276,0.5013236719291407,152
IR,15,FallTime,Normal vs Ischaemia,0.5119251872980202,0.43454369095816464,0.6040613983548767,154
IR,15,FallTime,Normal vs Congestion,0.48712924604208985,0.39820597222222215,0.5842534011840519,150
IR,15,FallTime,Ischaemia vs Congestion,0.4695718219802709,0.3701196494222689,0.5513149863914798,152
IR,15,PulseWidth,Normal vs Ischaemia,0.46665540794814825,0.3758435937117012,0.5550276430909655,154
IR,15,PulseWidth,Normal vs Congestion,0.5446035372337287,0.4492425527903469,0.6557318359257928,150
IR,15,PulseWidth,Ischaemia vs Congestion,0.572119653985736,0.49652097070032136,0.6602829518116207,152
IR,15,SystolicWidth,Normal vs Ischaemia,0.6981301600078723,0.6012838613928946,0.7821786979254512,154
IR,15,SystolicWidth,Normal vs Congestion,0.5825816900702363,0.4888923084273516,0.6571109226536859,150
IR,15,SystolicWidth,Ischaemia vs Congestion,0.33196694105199825,0.24397216923877232,0.4153501942746129,152
IR,15,DiastolicWidth,Normal vs Ischaemia,0.35624404538844245,0.28047652220010233,0.443352980316639,154
IR,15,DiastolicWidth,Normal vs Congestion,0.4644856200628341,0.3685133772730683,0.5702948167249955,150
IR,15,DiastolicWidth,Ischaemia vs Congestion,0.6309696240455162,0.550468150326701,0.7165907157221678,152
IR,15,RiseFall_ratio,Normal vs Ischaemia,0.47723672665879163,0.377054823143346,0.561661755901471,154
IR,15,RiseFall_ratio,Normal vs Congestion,0.49332554775765886,0.39967643585614604,0.5989072022748494,150
IR,15,RiseFall_ratio,Ischaemia vs Congestion,0.5277077738566514,0.42757676473138234,0.6173102145003824,152
IR,15,Width_Ratio,Normal vs Ischaemia,0.33031325458166544,0.25283520597688874,0.40223617532005695,154
IR,15,Width_Ratio,Normal vs Congestion,0.4419033799047022,0.3532009807480698,0.5474655725383678,150
IR,15,Width_Ratio,Ischaemia vs Congestion,0.6417398864235131,0.5439995494522858,0.7198691435147132,152
IR,21,RiseTime,Normal vs Ischaemia,0.4380789143089824,0.3570161000713577,0.538002355138228,143
IR,21,RiseTime,Normal vs Congestion,0.4653773137002315,0.37289190067972966,0.5523505704365078,142
IR,21,RiseTime,Ischaemia vs Congestion,0.5183137756795609,0.4263131229234512,0.6214772043090282,141
IR,21,FallTime,Normal vs Ischaemia,0.59364964123013,0.5038225701239399,0.6928588200527263,143
IR,21,FallTime,Normal vs Congestion,0.48502060380416895,0.3913122662037763,0.5838826884920635,142
IR,21,FallTime,Ischaemia vs Congestion,0.36726416684126284,0.2864191729323308,0.45359724000569074,141
IR,21,PulseWidth,Normal vs Ischaemia,0.5206559265663058,0.4223557735765094,0.6120543266893534,143
IR,21,PulseWidth,Normal vs Congestion,0.5492119351157008,0.4328412110277782,0.6515237244391503,142
IR,21,PulseWidth,Ischaemia vs Congestion,0.5272131249811352,0.42287858432914394,0.6304132490316701,141
IR,21,SystolicWidth,Normal vs Ischaemia,0.4670381824489776,0.377019783333065,0.5751351465317309,143
IR,21,SystolicWidth,Normal vs Congestion,0.387211435247721,0.27795904059956317,0.46925837320574165,142
IR,21,SystolicWidth,Ischaemia vs Congestion,0.4754158918480202,0.36656169312100184,0.5796709053015024,141
IR,21,DiastolicWidth,Normal vs Ischaemia,0.6065870767940201,0.5083453369217745,0.6904427916211687,143
IR,21,DiastolicWidth,Normal vs Congestion,0.5583196110302717,0.4535077161644326,0.6478349039172209,142
IR,21,DiastolicWidth,Ischaemia vs Congestion,0.4389655259028635,0.34875644474829504,0.5415358293075685,141
IR,21,RiseFall_ratio,Normal vs Ischaemia,0.5596069279378488,0.46379149078401877,0.6490622545168893,143
IR,21,RiseFall_ratio,Normal vs Congestion,0.4856270049907587,0.388513174589124,0.5811672916936075,142
IR,21,RiseFall_ratio,Ischaemia vs Congestion,0.4303355144017702,0.34148343466260833,0.5298953625552173,141
IR,21,Width_Ratio,Normal vs Ischaemia,0.6058919634952644,0.5142087739913827,0.6966315159329526,143
IR,21,Width_Ratio,Normal vs Congestion,0.5915480210821387,0.4999651116427432,0.6832607770518955,142
IR,21,Width_Ratio,Ischaemia vs Congestion,0.4547379601470257,0.3616600529591546,0.5575616435682579,141
